,מספר זיהוי,שם מעיין,שם מעיין באנגלית,תחילת תצפית,X נ.צ נביעה,Y נ.צ נביעה,רום הנביעה,מקום מדידה,שם אקויפר,קוד אקויפר,שם תא דיווח,קוד תא דיווח
1,2240,פקיעין,PEQI'IN,1974,231800,764600,695,נמדד באופן סדיר,קנומן תחתון,500,ראש המבוע,352
2,2245,טיריה,TYRYA,1980,230550,765770,510,מעיין סקר,קנומן - טורון,400,ראש המבוע,352
3,2250,זיו,ZIW,1949,225840,771410,320,נמדד באופן סדיר,קנומן - טורון,400,ראש המבוע,352
4,2260,טמיר,TAMIR,1949,223650,771800,245,נמדד באופן סדיר,קנומן - טורון,400,ראש המבוע,352
5,2605,אל ברניה 1,EL BARNIYA,0,231570,764980,591,מעיין סקר,קנומן תחתון,500,ראש המבוע,352
6,2610,"רשב""י",RASHBEE,0,231570,764980,591,מעיין סקר,קנומן תחתון,500,ראש המבוע,352
7,2620,חותם,HOTEM,0,232480,767690,621,מעיין סקר,קנומן - טורון,400,בנימינה,214
8,2622,זבול 2,ZEVUL 2,0,232640,767920,601,מעיין סקר,קנומן תחתון,500,ראש המבוע,352
9,5230,יפעם,YEF'AM,2011,222460,763189,245,לא נמדד,קנומן - טורון,400,נעמן,360
10,7325,רמה,RAMA,1974,234250,760350,370,מעיין סקר,קנומן תחתון,500,מגד כרמים,362
11,7610,צבר (ע''י כפר רמה),ZAVAR (NEAR KEFAR RA,0,234330,760300,370,מעיין סקר,קנומן תחתון,500,מגד כרמים,362
12,7615,שזור 1,SHEZOR 1,0,232850,760950,366,מעיין סקר,קנומן - טורון,400,מגד כרמים,362
13,8210,ג'נין,JENIN,1967,228620,707600,145,לא נמדד,איאוקן,300,פריעה עליון,642
14,8220,בורקין,BURQIN,1945,225120,707350,195,לא נמדד,איאוקן,300,ג'נין,640
15,8230,תל קודש,TEL KODESH,0,220700,718400,78,מעיין סקר,ניאוגן - מילוי,200,עמק יזרעאל,380
16,8240,קיני,QENI,1945,216900,719900,152,נמדד באופן סדיר,איאוקן,300,משמר העמק,161
17,8245,היוגב (מגידו אורז ני,HAYOGEV (MEGIDDO ORE,1945,217535,721717,75,נמדד באופן סדיר,איאוקן,300,משמר העמק,161
18,8250,עדעד,AD'AD,1950,221300,724250,58,נמדד באופן סדיר,ניאוגן - מילוי,200,עמק יזרעאל,380
19,8270,מדרך,MIDRAKH,1946,215510,723030,100,נמדד באופן סדיר,איאוקן,300,משמר העמק,161
20,8275,שלו,SHELAV,0,215750,722660,110,מעיין סקר,איאוקן,300,משמר העמק,161
21,8298,ביר רבה,BIR RABA,0,215480,723840,68,לא נמדד,איאוקן,300,משמר העמק,161
22,8303,תורים,TORIM,1949,215100,724060,68,לא נמדד,איאוקן,300,משמר העמק,161
23,8305,תימרת,TIMRAT,1957,222450,733880,0,לא נמדד,איאוקן,300,אלונים,371
24,8309,שולמית (מנשה),SHULAMMIT (MENASHE),1956,211630,722000,220,לא נמדד,איאוקן,300,משמר העמק,161
25,8320,שכר,SHEKHAR,1955,211100,723150,176,נמדד באופן סדיר,איאוקן,300,משמר העמק,161
26,8340,שני,SHANI,1946,217580,731730,58,נמדד באופן סדיר,ניאוגן - מילוי,200,עמק יזרעאל,380
27,8345,סייפן,SEYFAN,1946,218670,731600,68,נמדד באופן סדיר,ניאוגן - מילוי,200,עמק יזרעאל,380
28,8350,חשרת,HASHRAT,0,211000,727330,90,מעיין סקר,איאוקן,300,משמר העמק,161
29,8355,זריק,ZARIQ,1955,212120,726760,64,לא נמדד,איאוקן,300,משמר העמק,161
30,8360,לבנה,LEVANA,1959,211000,729570,50,נמדד באופן סדיר,איאוקן,300,משמר העמק,161
,8370,יקנעם,YOKNE'AM,0,210840,729900,50,מעיין סקר,איאוקן,300,משמר העמק,161
,8375,ביר טבעון,BIR TIV'ON,1949,213700,735400,98,מעיין סקר,איאוקן,300,שפרעם,370
,8385,חרושת צפונית,HAROSHET NORTH,1949,209990,736360,20,נמדד באופן סדיר,איאוקן,300,שפרעם,370
,8386,חרושת דרומית,HAROSHET SOUTH,1949,209800,736100,20,נמדד באופן סדיר,איאוקן,300,שפרעם,370
,8420,ציפורי (קסטל),ZIPPORI,1945,225800,737600,222,נמדד באופן סדיר,איאוקן,300,אלונים,371
,8425,נטוף,NATUF,0,235400,749410,245,מעיין סקר,קנומן תחתון,500,נטופה חיטין,591
,8426,ציפורי (שוחה),ZIPPORI (shoocha),2002,225802,737572,222,נמדד באופן סדיר,איאוקן,300,אלונים,371
,8435,יפתחאל (חלדיה),YIFTAH'EL,1949,220800,739300,130,לא נמדד,איאוקן,300,אלונים,371
,8436,יפתחאל בכניסה לציפור,YEFTAH'El at Zippori,2001,220700,739300,125,נמדד באופן סדיר,איאוקן,300,אלונים,371
,8445,יבקע,YIVQA',1946,216640,740230,90,נמדד באופן סדיר,איאוקן,300,אלונים,371
,8610,עינות קיני מעטה,KENI UPPER,0,213400,718120,281,מעיין סקר,איאוקן,300,מנשה,160
,8620,ידידיה,YEDIDIA,0,219560,720930,79,מעיין סקר,ניאוגן - מילוי,200,עמק יזרעאל,380
,8625,מוצב,MUZAV,0,218350,722450,100,מעיין סקר,איאוקן,300,משמר העמק,161
,8630,איכסל 1 (אכסל),IKSAL 1 (EKSAL),0,231630,729380,110,מעיין סקר,ניאוגן - מילוי,200,עמק יזרעאל,380
,8632,עינות איכסל,IKSAL,0,230980,729400,100,מעיין סקר,ניאוגן - מילוי,200,עמק יזרעאל,380
,8635,דרך הנפט 2,DEREKH HANEFT 2,0,229790,728260,98,מעיין סקר,ניאוגן - מילוי,200,עמק יזרעאל,380
,8640,כפר כנא,KEFAR KANA,0,231900,738760,232,מעיין סקר,קנומן - טורון,400,נצרת,610
,8645,פחרים מזרחית,PEHARIM EAST,0,217250,724200,75,מעיין סקר,איאוקן,300,משמר העמק,161
,8655,גחר,GAHAR,0,211320,724550,153,מעיין סקר,איאוקן,300,מנשה,160
,8660,תל שור,TEL SHOR,0,216100,728800,40,מעיין סקר,איאוקן,300,משמר העמק,161
,8668,רעף,RA'AF,0,210360,732160,30,מעיין סקר,איאוקן,300,משמר העמק,161
,8670,יודן יצחקיה,YODAN YIZHAKYA,0,212040,732540,40,מעיין סקר,איאוקן,300,משמר העמק,161
,8677,דיר אל עביד,DIR EL ABID,0,216900,735860,100,מעיין סקר,איאוקן,300,שפרעם,370
,8680,חביריה,HAVIRYA,0,217670,736880,130,מעיין סקר,ניאוגן - מילוי,200,עמק יזרעאל,380
,8685,עפר,AFAR,0,209850,735430,10,מעיין סקר,איאוקן,300,אלונים,371
,8687,אום חמיד,UM HAMID,0,219550,741170,158,מעיין סקר,איאוקן,300,אלונים,371
,12610,דמומית,DEMUMIT,0,207630,723030,190,מעיין סקר,איאוקן,300,מנשה,160
,12612,עינות שלף,SHELEF,0,207740,723300,208,מעיין סקר,איאוקן,300,מנשה,160
,12620,מחוללים,MEHOLELIM,0,205970,721990,140,מעיין סקר,איאוקן,300,מנשה,160
,12630,יואח,YO'AH,0,205700,725450,190,מעיין סקר,איאוקן,300,מנשה,160
,12635,אליקים,ELYAQIM,0,206500,726000,219,מעיין סקר,איאוקן,300,מנשה,160
,13220,כפר,KEFAR,1954,210980,719550,225,נמדד באופן סדיר,איאוקן,300,מנשה,160
,14225,שרקיה (ג'בע),SHARQIA (JABA),1960,221600,692200,370,לא נמדד,איאוקן,300,ג'נין,640
,14227,ג'בע,JABA,1960,220920,692300,390,לא נמדד,איאוקן,300,ג'נין,640
,14230,פנדקומיה,FUNDOQUOMIA,1960,219450,691850,460,לא נמדד,איאוקן,300,ג'נין,640
,14232,הווס,HAWAAS,1959,219200,692050,410,לא נמדד,איאוקן,300,ג'נין,640
,14234,חאבד,HAWD,1960,218250,691250,475,לא נמדד,איאוקן,300,ג'נין,640
,14236,זכריה,ZAKHARIYA,0,217830,691050,460,לא נמדד,איאוקן,300,פריעה עליון,642
,14250,ארובות,ARUBBOT,1931,202330,709820,70,נמדד באופן סדיר,איאוקן,300,מנשה,160
,14260,ברטעה,BARTA'A,1969,209880,709350,215,לא נמדד,קנומן - טורון,400,תנינים,210
,15225,צור,ZUR,1960,222200,678650,630,לא נמדד,איאוקן,300,פריעה עליון,642
,15240,ראס אל עין,RAS EL EIN,1939,224310,680210,620,לא נמדד,איאוקן,300,פריעה עליון,642
,15241,אסל,ASAL,1939,224450,680400,575,לא נמדד,איאוקן,300,פריעה עליון,642
,15242,קריון,QARIOUN,1940,224680,680600,550,לא נמדד,איאוקן,300,פריעה עליון,642
,15243,שריש,SHARISH,1964,224700,680920,510,לא נמדד,איאוקן,300,פריעה עליון,642
,15244,פואד,FOAD,1964,224800,681040,510,לא נמדד,איאוקן,300,פריעה עליון,642
,15245,כופייר,KFEIR,1963,224800,681200,540,לא נמדד,איאוקן,300,פריעה עליון,642
,15248,בית אלמא,BET ELMA,1945,223500,681840,458,לא נמדד,איאוקן,300,פריעה עליון,642
,15250,שייח נפע,SIAH NAFA,1960,222600,680850,560,לא נמדד,איאוקן,300,פריעה עליון,642
,15255,זוותא,ZAWATA,1963,221650,683940,410,לא נמדד,איאוקן,300,פריעה עליון,642
,15257,איג'ניסיניא,IJENISINYA,1960,220550,686550,435,לא נמדד,איאוקן,300,פריעה עליון,642
,15258,הרון,HARUN,1963,219500,685780,445,לא נמדד,איאוקן,300,פריעה עליון,642
,15262,א-שרקיה,SHARQIA,1960,221100,687800,380,לא נמדד,איאוקן,300,פריעה עליון,642
,15274,חדר,HADAR,0,220850,687750,390,לא נמדד,איאוקן,300,פריעה עליון,642
,15275,מוויזיה,MUWEIZA,1974,220750,687950,365,לא נמדד,איאוקן,300,פריעה עליון,642
,15278,אל-בלד,EL-BALAD,1960,220700,688800,410,לא נמדד,איאוקן,300,פריעה עליון,642
,15290,בורקה,BURQA,1964,218700,689700,465,לא נמדד,איאוקן,300,פריעה עליון,642
,17205,עוורתא,AWARTA,0,227250,674550,520,לא נמדד,קנומן - טורון,400,שומרון,654
,17210,חוורה,HUWARA,1961,224280,673180,550,לא נמדד,קנומן - טורון,400,שומרון,654
,17218,שרקיה (בורין),SHARQIA (BURIN),1960,224100,676650,580,לא נמדד,איאוקן,300,פריעה עליון,642
,17220,בורין,BURIN,1960,223800,676650,575,לא נמדד,איאוקן,300,פריעה עליון,642
,17222,שערה,SHE'ARA,1962,222350,675700,615,לא נמדד,איאוקן,300,פריעה עליון,642
,17240,סילון,SILON,0,228270,663200,695,לא נמדד,קנומן - טורון,400,שומרון,654
,17243,מעיריבה,ME'IRIBA,1963,224400,660100,790,לא נמדד,קנומן - טורון,400,שומרון,654
,17245,עבווין,IBWEIN,1960,219100,660300,570,לא נמדד,קנומן תחתון,500,ירקון,211
,17246,סופלה,SUFLA,1960,219050,660270,550,לא נמדד,קנומן תחתון,500,ירקון,211
,17250,ג'לוד,JALUD,1970,229850,664650,790,לא נמדד,קנומן - טורון,400,שומרון,654
,17252,עינה,INA,1961,229250,665170,800,לא נמדד,קנומן - טורון,400,נערן,664
,17254,תלפית,TALFIT,1960,228380,665700,640,לא נמדד,קנומן - טורון,400,נערן,664
,17258,א-שער,SA'AR,1961,220700,665100,500,לא נמדד,קנומן תחתון,500,שומרון,654
,17260,מערת איילון,Ayalon Cave,2006,193327,646470,116,לא נמדד,קנומן - טורון,400,ירקון,211
,17270,אל מע'רה,EL MA'ARA,1960,221550,651050,750,נמדד באופן סדיר,קנומן תחתון,500,מצפה יריחו,662
,17272,דורא,DURA,1960,221600,651050,760,נמדד באופן סדיר,קנומן תחתון,500,מעלה אפרים,661
,17274,דאראג,DAR'AG,1962,221600,651150,740,נמדד באופן סדיר,קנומן תחתון,500,מצפה יריחו,662
,17276,גורה (דורת אל קרע),GURA (DURAT AL QARI),1960,221600,651200,750,נמדד באופן סדיר,קנומן תחתון,500,מעלה אפרים,661
,17280,מגור,MAGOR,1960,218150,650550,730,נמדד באופן סדיר,קנומן תחתון,500,מעלה אפרים,661
,17283,ג'יפנה,JIFNA,0,220550,652200,645,לא נמדד,קנומן תחתון,500,מעלה אפרים,661
,17285,שייח חוסיין (סיניא),SHEIKH HUSSEIN (SINY,1960,221850,653300,640,לא נמדד,קנומן תחתון,500,מצפה יריחו,662
,17286,סיניא,SINYA,1960,221950,653250,630,נמדד באופן סדיר,קנומן תחתון,500,מצפה יריחו,662
,17290,חמם,HAMMAM,1947,219100,653270,730,לא נמדד,קנומן תחתון,500,מעלה אפרים,661
,17292,פליפלה,FLEIFLEH,1959,219100,653500,745,נמדד באופן סדיר,קנומן תחתון,500,מעלה אפרים,661
,17295,עג'ול,AJUL,1962,216900,658900,430,לא נמדד,קנומן תחתון,500,ירקון,211
,17298,ערורה,ARURA,1962,216800,661300,525,לא נמדד,קנומן תחתון,500,ירקון,211
,17305,עינות הירקון-אגם במת,Yarqon-Lake Building,2019,192849,668416,18,לא נמדד,קנומן - טורון,400,ירקון,211
,17318,שמיא,SHAMIE,1968,216760,665840,470,נמדד באופן סדיר,קנומן תחתון,500,ירקון,211
,17320,מטווי,MATWI,1961,212400,665500,375,נמדד באופן סדיר,קנומן תחתון,500,ירקון,211
,17325,קאוס,QUOS,1960,211680,657420,500,נמדד באופן סדיר,קנומן תחתון,500,ירקון,211
,17330,דילבה וקיטן,DILBA AND QITAN,1962,206850,659150,290,נמדד באופן סדיר,קנומן - טורון,400,ירקון,211
,17360,עמאוס,AMEUS,0,199784,638970,218,מעיין סקר,ניאוגן - מילוי,200,ירקון,211
,17375,ורד,VERED,0,193650,641000,140,מעיין סקר,איאוקן,300,לכיש,170
,17430,עריק עליון,AREEK UPPER,1962,213630,645880,535,לא נמדד,קרטיקון תחתון,600,ירקון,211
,17432,עריק תחתון,AREEK LOWER,1963,213330,646120,515,לא נמדד,קרטיקון תחתון,600,ירקון,211
,17438,ג'ריאות,JARYOUT,1996,212360,644250,560,לא נמדד,קרטיקון תחתון,600,ירקון,211
,17450,דילב,DILB,1963,215370,648700,500,נמדד באופן סדיר,קרטיקון תחתון,600,ירקון,211
,17453,חרשה,HARASHE,1968,214700,649900,670,לא נמדד,קרטיקון תחתון,600,ירקון,211
,17460,רוממן,ROMEMAN,1960,214400,647800,525,נמדד באופן סדיר,קרטיקון תחתון,600,ירקון,211
,17462,ג'נאין,JENIN,1957,214150,647600,560,נמדד באופן סדיר,קרטיקון תחתון,600,ירקון,211
,17480,כפירה,,2011,208700,637450,515,לא נמדד,קנומן תחתון,500,עין כרם,212
,17485,נטף,,2011,205795,638200,355,לא נמדד,קנומן תחתון,500,עין כרם,212
,17490,עלקת,,2011,205000,635500,430,לא נמדד,קנומן תחתון,500,ירקון,211
,17495,חילה,Hila,0,199764,636191,235,לא נמדד,איאוקן,300,לכיש,170
,17500,זבוד,,2011,207790,635490,580,לא נמדד,קנומן תחתון,500,עין כרם,212
,17610,ביר בירה (לטרון),BIR BIRA (LATRUN),0,202527,638916,239,מעיין סקר,איאוקן,300,לכיש,170
,18201,רמת שלמה,,2011,220190,635590,665,לא נמדד,קנומן - טורון,400,מצפה יריחו,662
,18202,עינות תלתן,,2011,217950,637900,815,נמדד באופן סדיר,קנומן - טורון,400,מצפה יריחו,662
,18203,חנה,,2011,217500,637900,875,לא נמדד,קנומן - טורון,400,מצפה יריחו,662
,18205,מי נפתוח (ליפתא),MEI NEFTOAH (LIFTA),1951,218724,633485,683,נמדד באופן סדיר,קנומן - טורון,400,עין כרם,212
,18208,בית סוריק,BET SORIK,0,214660,637000,760,לא נמדד,קנומן תחתון,500,עין כרם,212
,18209,לוזה,,2011,215900,635900,610,נמדד באופן סדיר,קנומן תחתון,500,מצפה יריחו,662
,18210,צובא,ZOVA,1959,212351,632284,667,לא נמדד,קנומן - טורון,400,עין כרם,212
,18211,עינות תלם,,2011,216373,634737,580,מעיין סקר,קנומן תחתון,500,עין כרם,212
,18212,כרם,KEREM,1959,215390,630280,600,נמדד באופן סדיר,קנומן - טורון,400,עין כרם,212
,18213,חלילים,,2011,215700,634600,650,לא נמדד,קנומן תחתון,500,עין כרם,212
,18215,חיניה,HANIE,1967,214955,627872,625,נמדד באופן סדיר,קנומן - טורון,400,עין כרם,212
,18216,הדום,,2011,216000,634400,600,לא נמדד,קנומן תחתון,500,עין כרם,212
,18217,נקופה,,2011,204675,624697,680,לא נמדד,קנומן תחתון,500,עין כרם,212
,18218,ביתר,BEITAR,1963,213240,626080,655,נמדד באופן סדיר,קנומן תחתון,500,עין כרם,212
,18219,אודה,UDA,0,212200,624320,705,לא נמדד,קנומן - טורון,400,עין כרם,212
,18220,עמוד (חוסאן),AMMUD (HUSAN),1960,212200,624400,710,נמדד באופן סדיר,קנומן - טורון,400,עין כרם,212
,18222,ג'מיע,JAMIA,1963,212590,625470,630,נמדד באופן סדיר,קנומן - טורון,400,עין כרם,212
,18223,ארזים,,2011,215714,633509,555,לא נמדד,קנומן תחתון,500,עין כרם,212
,18225,גיורא,GIYYORA,0,207556,626720,620,לא נמדד,קנומן - טורון,400,עין כרם,212
,18227,נמאוס,NAMOUS,1996,212200,624350,716,נמדד באופן סדיר,קנומן - טורון,400,עין כרם,212
,18228,סחונה,SKHOUNEH,1996,212300,624350,723,לא נמדד,קנומן - טורון,400,עין כרם,212
,18230,עלר,ELAR,0,205100,624800,535,לא נמדד,קנומן - טורון,400,עין כרם,212
,18232,מטע,MATTA,1976,205007,624702,545,מעיין סקר,קנומן - טורון,400,עין כרם,212
,18233,אזן,,2011,204975,625730,520,לא נמדד,קנומן - טורון,400,ירקון,211
,18235,תנור,,2011,204700,624700,530,לא נמדד,קנומן - טורון,400,ירקון,211
,18240,חמד,HEMED,1970,212000,633900,600,לא נמדד,קנומן תחתון,500,עין כרם,212
,18241,נקעה,,2011,212650,634300,640,לא נמדד,קנומן תחתון,500,עין כרם,212
,18242,מחתוש (לימון),MAHTUSH (Lemon),0,210255,633307,571,מעיין סקר,קנומן תחתון,500,עין כרם,212
,18243,חרת,,2011,213890,632050,690,לא נמדד,קנומן - טורון,400,עין כרם,212
,18244,ברושים,,2011,216093,631822,580,לא נמדד,קנומן תחתון,500,עין כרם,212
,18245,ראפה,,2011,202550,627300,425,לא נמדד,קנומן - טורון,400,עין כרם,212
,18246,אבו גוש,Abu Gosh,2011,210300,634985,675,לא נמדד,קנומן תחתון,500,עין כרם,212
,18249,טייסים,,2011,209200,631100,625,לא נמדד,קנומן תחתון,500,עין כרם,212
,18250,סוסים,SUSIM,1963,197660,635180,0,לא נמדד,איאוקן,300,לכיש,170
,18251,יעל,,2011,216820,627736,665,לא נמדד,קנומן - טורון,400,עין כרם,212
,18254,אורה,,2011,213420,629360,720,לא נמדד,קנומן - טורון,400,עין כרם,212
,18255,שריג,,2011,214200,629400,730,לא נמדד,קנומן - טורון,400,עין כרם,212
,18256,עוזי,,2011,213150,629450,675,לא נמדד,קנומן - טורון,400,עין כרם,212
,18257,עינות אבו עוזי,,2011,213150,629450,675,לא נמדד,קנומן - טורון,400,עין כרם,212
,18258,תמר,TAMAR,2011,213421,629300,720,לא נמדד,קנומן - טורון,400,עין כרם,212
,18259,חנדק,,2011,213200,629900,580,לא נמדד,קנומן תחתון,500,עין כרם,212
,18260,אל חוור (יסודות),EL HAWAR (YESODOT),1949,185200,636020,0,לא נמדד,איאוקן,300,לכיש,170
,18264,עינות עמינדב,,2011,212750,629100,715,לא נמדד,קנומן - טורון,400,עין כרם,212
,18266,אשקף,,2011,212122,629385,560,לא נמדד,קנומן תחתון,500,עין כרם,212
,18268,שלמון,,2011,212400,628500,725,לא נמדד,קנומן - טורון,400,עין כרם,212
,18269,סעדים,,2011,212000,628900,710,לא נמדד,קנומן - טורון,400,עין כרם,212
,18270,מגנה,MAGANE,0,184400,632420,95,מעיין סקר,איאוקן,300,לכיש,170
,18271,אל בלד תחתון,,2011,214000,627600,650,לא נמדד,קנומן - טורון,400,עין כרם,212
,18272,כרמזן,,2011,216450,626100,0,לא נמדד,קנומן - טורון,400,חברון מזרח,665
,18273,אל בלד עליון,,2011,213770,628200,725,לא נמדד,קנומן - טורון,400,עין כרם,212
,18274,חנטש,,2011,216600,625700,0,לא נמדד,קנומן - טורון,400,חברון מזרח,665
,18275,אל בלד תיכון,,2011,209651,626281,690,לא נמדד,קנומן - טורון,400,עין כרם,212
,18276,מנהר,,2011,209700,626400,680,לא נמדד,קנומן - טורון,400,עין כרם,212
,18278,מסלע,,2011,209600,626200,685,לא נמדד,קנומן - טורון,400,עין כרם,212
,18281,אל-קוף,,2011,209770,629345,490,לא נמדד,קנומן תחתון,500,עין כרם,212
,18282,אמיר,,2011,218409,637678,750,נמדד באופן סדיר,קנומן - טורון,400,מצפה יריחו,662
,18283,עקור,,2011,207775,629500,455,לא נמדד,קנומן תחתון,500,עין כרם,212
,18284,קטלב,,2011,207400,627300,525,לא נמדד,קנומן תחתון,500,עין כרם,212
,18285,נם הרים דרומי,,2011,204875,627240,575,לא נמדד,קנומן - טורון,400,ירקון,211
,18286,דאר א-שיח',,2011,206450,628400,495,לא נמדד,קנומן תחתון,500,ירקון,211
,18287,רזיאל,,2011,206529,631539,690,לא נמדד,קנומן תחתון,500,עין כרם,212
,18288,יגור,,2011,205885,627225,630,לא נמדד,קנומן - טורון,400,ירקון,211
,18289,נס הרים צפון(הפירים),,2011,204580,628160,630,לא נמדד,קנומן - טורון,400,ירקון,211
,18290,חוד,,2011,205280,627080,615,לא נמדד,קנומן - טורון,400,ירקון,211
,18291,עינות בוקר,Boker Springs,2011,205550,631965,565,מעיין סקר,קנומן תחתון,500,ירקון,211
,18292,אל בירכה,,2011,205200,626500,620,לא נמדד,קנומן - טורון,400,ירקון,211
,18293,כסלון,,2011,205036,631644,570,לא נמדד,קנומן תחתון,500,ירקון,211
,18294,ספלה,,2011,204300,626900,580,לא נמדד,קנומן - טורון,400,ירקון,211
,18295,שייח אחמד,,2011,204185,631985,575,לא נמדד,קנומן - טורון,400,ירקון,211
,18296,דולב,,2011,202550,627300,425,לא נמדד,קנומן - טורון,400,ירקון,211
,18297,ע'רב,,2011,204395,631500,400,לא נמדד,קנומן תחתון,500,ירקון,211
,18605,ביכורה(בריכה תחתונה),BIKKURA,1999,212194,631033,569,נמדד באופן סדיר,קנומן תחתון,500,עין כרם,212
,18607,מנזר יוחנן במדבר(חבי,Monastery of St.John,2017,212503,630554,569,מעיין סקר,קנומן תחתון,500,עין כרם,212
,18608,סטף (בריכה עליונה),SATAF,2007,212144,630034,573,נמדד באופן סדיר,קנומן תחתון,500,עין כרם,212
,18610,קובי,KOBI,0,211227,625900,695,מעיין סקר,קנומן - טורון,400,עין כרם,212
,18620,יואל,YO'EL,0,209162,626838,660,מעיין סקר,קנומן - טורון,400,עין כרם,212
,18640,תעוז,TA'OZ,0,197940,634190,229,מעיין סקר,איאוקן,300,לכיש,170
,18650,נוער,NOAR,0,196150,631430,260,מעיין סקר,איאוקן,300,לכיש,170
,18660,מג'נה,MAJANA,0,186100,632200,94,מעיין סקר,איאוקן,300,לכיש,170
,18670,חואר,HUAR,0,186020,635200,69,מעיין סקר,איאוקן,300,לכיש,170
,19220,ענקר,ANQAR,1993,206900,601870,840,לא נמדד,קנומן - טורון,400,עין כרם,212
,19222,סעבייה,Sa'abiya,2009,203208,604193,610,נמדד באופן סדיר,קנומן תחתון,500,חברון מערב,221
,19223,מעמדייה,Ma'amudia,2009,203908,604435,690,נמדד באופן סדיר,קנומן תחתון,500,חברון מערב,221
,19225,כנר מערבי,KINNAR WESTERN,1965,204900,601500,810,נמדד באופן סדיר,קנומן - טורון,400,חברון מערב,221
,19228,אל פרעה,Al-Fara,2009,201485,605910,570,נמדד באופן סדיר,קנומן תחתון,500,חברון מערב,221
,19240,חסכה,HASKHA,1959,208650,608130,890,נמדד באופן סדיר,קנומן - טורון,400,חברון מזרח,665
,19244,צאנן,TZANAN,2021,196234,611730,340,נמדד באופן סדיר,איאוקן,300,לכיש,170
,19246,גוברין,GUVRIN,2021,189315,613147,240,נמדד באופן סדיר,איאוקן,300,לכיש,170
,19260,בקר,BAQAR,1959,207500,612600,850,נמדד באופן סדיר,קנומן - טורון,400,חברון מערב,221
,19270,מסלע (אבו כלאב),,2011,210760,619650,0,לא נמדד,קנומן תחתון,500,הרודיון,666
,19273,ליבנה,Livna,2009,209300,619050,720,נמדד באופן סדיר,קנומן תחתון,500,עין כרם,212
,19275,חובילה,Chovila,2009,210282,618576,875,נמדד באופן סדיר,קנומן תחתון,500,עין כרם,212
,19276,סג'מה,Sajma,2009,210466,618573,875,נמדד באופן סדיר,קנומן תחתון,500,עין כרם,212
,19280,אל קסיס,,2011,213440,620470,0,לא נמדד,קנומן תחתון,500,הרודיון,666
,19283,נחלין,NAHALIN,1960,211150,621800,610,נמדד באופן סדיר,קנומן - טורון,400,עין כרם,212
,19291,מע'רה,MAGHARA (WADI FUKIN),1960,210338,623340,650,לא נמדד,קנומן - טורון,400,עין כרם,212
,19292,ג'ורה,GURA (WADI FUKIN),1960,208674,622616,573,נמדד באופן סדיר,קנומן - טורון,400,עין כרם,212
,19293,פוכין,FUKIN,1960,209890,623770,665,נמדד באופן סדיר,קנומן - טורון,400,עין כרם,212
,19294,צדיק,ZADIK,1947,208464,622502,575,נמדד באופן סדיר,קנומן - טורון,400,עין כרם,212
,19296,פרס,FARES,1983,209500,622050,212,נמדד באופן סדיר,קנומן - טורון,400,עין כרם,212
,19298,פאוור (ו. פוכין),FAWAR (WADI FUKIN),0,208740,622640,570,לא נמדד,קנומן - טורון,400,עין כרם,212
,19310,גרס תחתון,,2011,206700,624500,0,לא נמדד,קנומן - טורון,400,ירקון,211
,19311,גרס עליון,,2011,206745,624520,0,לא נמדד,קנומן - טורון,400,ירקון,211
,19605,הפרפר,HAPARPAR,0,186320,615230,189,מעיין סקר,איאוקן,300,לכיש,170
,19620,תל צפית,TEL ZAFIT,0,188000,624100,149,מעיין סקר,איאוקן,300,לכיש,170
,23306,אימרן1-,IMRAN-1,1959,204650,600350,790,לא נמדד,קנומן - טורון,400,חברון מערב,221
,23307,אימרן2-,IMRAN-2,1959,204700,600250,790,לא נמדד,קנומן - טורון,400,חברון מערב,221
,23308,אימרן,IMRAN,0,204700,600300,790,לא נמדד,קנומן - טורון,400,חברון מערב,221
,23310,דילבה,DILBAH,1962,204860,599140,770,נמדד באופן סדיר,קנומן - טורון,400,חברון מערב,221
,30410,תאו,TEO,1948,253480,781960,70,נמדד באופן סדיר,קנומן תחתון,500,הרי נפתלי,520
,30415,קדש,QADESH,1948,249850,779720,440,מעיין סקר,קנומן - טורון,400,הרי נפתלי,520
,30430,עינן,ENAN,1934,253930,776550,90,לא נמדד,קנומן - טורון,400,הרי נפתלי,520
,30450,איברהים ובלט,IBRAHIM AND BALAT,1969,269600,782600,840,מעיין סקר,ניאוגן - מילוי,200,רמת הגולן,570
,30460,וסט,VEST,1974,268500,782500,810,נמדד באופן סדיר,ניאוגן - מילוי,200,רמת הגולן,570
,30490,להבות (שלמה),LAHAVOT (SHELOMO),1959,261250,782900,0,לא נמדד,ניאוגן - בזלת,250,רמת הגולן,570
,30491,להבות,LEHAVOT,1943,261280,782920,130,נמדד באופן סדיר,ניאוגן - מילוי,200,רמת הגולן,570
,30492,הטוחן,HATOHEN,1968,261150,782840,0,לא נמדד,ניאוגן - בזלת,250,רמת הגולן,570
,30497,קומרן,QOMRAN,1949,261220,782480,0,לא נמדד,ניאוגן - בזלת,250,רמת הגולן,570
,30499,עדרים,ADARIM,1959,260780,782240,78,מעיין סקר,ניאוגן - מילוי,200,רמת הגולן,570
,30515,גונן,GONEN,1945,261020,779520,155,נמדד באופן סדיר,קנומן תחתון,500,רמת הגולן,570
,30520,גוש חלב (ג'יש),GUSH HALAV (JISH),1948,242470,770140,695,מעיין סקר,סנון,350,מלכיה,530
,30522,עלווה,ALVA,1997,242750,770960,679,מעיין סקר,איאוקן,300,מלכיה,530
,30523,עובה עליונה,UBA UPPER,1964,244980,775180,0,לא נמדד,איאוקן,300,מלכיה,530
,30525,אביב,AVIV,1949,246300,775360,400,נמדד באופן סדיר,איאוקן,300,מלכיה,530
,30527,דישון,DISHON,1949,248000,775940,460,מעיין סקר,קנומן - טורון,400,הרי נפתלי,520
,30530,איילת השחר,AYYELET HASHAHAR,1951,254200,769400,170,נמדד באופן סדיר,ניאוגן - מילוי,200,עמק החולה,550
,30535,דבשה,DIVSHA,1943,260900,777320,170,נמדד באופן סדיר,קנומן תחתון,500,רמת הגולן,570
,30538,נוטרה,NOTERA,1944,260600,776200,90,נמדד באופן סדיר,ניאוגן - מילוי,200,רמת הגולן,570
,30567,דרדרה (חולתא),DARDARA (HULATA),1986,260360,772690,100,נמדד באופן סדיר,ניאוגן - מילוי,200,רמת הגולן,570
,30568,ג'לבינה,JALABINA,1945,260500,772400,90,נמדד באופן סדיר,ניאוגן - מילוי,200,רמת הגולן,570
,30570,דוריג'ת,DURIJAT,1970,259500,769900,110,נמדד באופן סדיר,ניאוגן - מילוי,200,רמת הגולן,570
,30580,עלמין ג'דידה,ALMIN JEDIDA,1945,260200,766700,170,נמדד באופן סדיר,ניאוגן - מילוי,200,רמת הגולן,570
,30590,משפע,MASHEFA,1987,259210,757120,-200,נמדד באופן סדיר,ניאוגן - מילוי,200,כורזים,560
,30645,קומראן,KUMRAN,0,261300,782500,124,מעיין סקר,ניאוגן - מילוי,200,רמת הגולן,570
,30648,מימון,MAYMUN,0,261900,779800,259,מעיין סקר,ניאוגן - מילוי,200,רמת הגולן,570
,30650,צמוד,ZAMUD,0,261500,776830,277,מעיין סקר,ניאוגן - מילוי,200,רמת הגולן,570
,30652,פג'ר,FAJER,0,261000,774500,158,מעיין סקר,ניאוגן - מילוי,200,רמת הגולן,570
,30655,עלומים,ALUMIM,0,255440,775370,79,מעיין סקר,ניאוגן - מילוי,200,עמק החולה,550
,30658,ערבות,ARAVOT,0,241700,773200,567,נמדד באופן סדיר,איאוקן,300,מלכיה,530
,30660,גרגר,GARGER,0,241500,772630,548,מעיין סקר,קנומן - טורון,400,הרי נפתלי,520
,30665,ואדי ג'יש,WADI JISH,0,242380,771080,630,מעיין סקר,קנומן - טורון,400,הרי נפתלי,520
,30668,רחו,RAHU,0,242340,770700,662,מעיין סקר,קנומן - טורון,400,הרי נפתלי,520
,30670,ברדי,BARADI,0,242260,770560,690,מעיין סקר,קנומן - טורון,400,הרי נפתלי,520
,30672,בנות יעקב,BENOT YA'AKOV,0,259000,770000,71,מעיין סקר,ניאוגן - מילוי,200,עמק החולה,550
,30674,ירדה,YARDA,1949,255400,768170,184,מעיין סקר,ניאוגן - בזלת,250,עמק החולה,550
,30678,פארעם,PE'ER'AM,0,249350,765230,611,מעיין סקר,איאוקן,300,נטופה חיטין,591
,30680,כידן,KEIDAN,0,249750,764040,548,לא נמדד,איאוקן,300,ראש פינה,540
,30682,ראש פינה,ROSH PINA,0,249380,764120,603,לא נמדד,איאוקן,300,ראש פינה,540
,30684,גיא אוני,GEI ONI,0,249120,764200,695,לא נמדד,איאוקן,300,ראש פינה,540
,30685,עינות ראש פינה סיכום,Rosh Pina SUM,0,249700,764000,600,נמדד באופן סדיר,איאוקן,300,ראש פינה,540
,30690,עינות חמם,HAMMAM,0,258300,762300,0,מעיין סקר,ניאוגן - מילוי,200,כורזים,560
,31201,כרי-דשא ערוץ1*,KAREI-DESHE STREAM 1,1986,251200,752670,0,מעיין סקר,קנומן - טורון,400,חוף כנרת,592
,31203,כרי-דשא ערוץ 2*,KAREI-DESHE STREAM 2,1986,251210,752660,0,מעיין סקר,קנומן - טורון,400,חוף כנרת,592
,31205,כרי-דשא ערוץ 3*,KAREI-DESHE STREAM 3,1986,251200,752660,0,מעיין סקר,קנומן - טורון,400,חוף כנרת,592
,31207,כרי-דשא ערוץ 4*,KAREI-DESHE STREAM 4,1986,251200,752620,0,מעיין סקר,קנומן - טורון,400,חוף כנרת,592
,31210,נביעות שבע-מעין איוב,Sheva SprFlow-Yoev,1994,252000,753160,0,מעיין סקר,קנומן - טורון,400,חוף כנרת,592
,31212,נביעות שבע - חוף,Sheva SprFlowCoastal,1979,252000,753120,0,מעיין סקר,קנומן - טורון,400,חוף כנרת,592
,31213,קידוח 7+נביעות במורד,WELL 7 + STREAMS DOW,1994,252200,753140,0,לא נמדד,קנומן - טורון,400,חוף כנרת,592
,31214,שבע ערוץ 1 *,SHEVA STREAM 1 *,1994,252000,753160,0,לא נמדד,קנומן - טורון,400,חוף כנרת,592
,31216,שבע ערוץ 2 *,SHEVA STREAM 2 *,1994,252000,753120,0,לא נמדד,קנומן - טורון,400,חוף כנרת,592
,31220,שבע ערוץ 4 *,SHEVA STREAM 4 *,1994,252000,753080,0,לא נמדד,קנומן - טורון,400,חוף כנרת,592
,31223,נור-סרטן עיוור(מלוח),NUR Blind Crab,2007,251820,753230,-202,לא נמדד,קנומן תחתון,500,חוף כנרת,592
,31224,נור-מתוק,Nur Sweet,2007,251830,753230,-202,לא נמדד,קנומן תחתון,500,חוף כנרת,592
,31225,שבע,SHEVA,1946,251870,753150,-202,נמדד באופן סדיר,קנומן תחתון,500,חוף כנרת,592
,31227,ברבוטים,BARBUTIM,0,251409,751704,-220,לא נמדד,קנומן - טורון,400,חוף כנרת,592
,31228,כנרת7 (קידוח ארטזי),KINERET 7Artes. well,1965,252000,753140,-205,נמדד באופן סדיר,קנומן - טורון,400,חוף כנרת,592
,31235,כנר,KINNAR,1948,250750,752550,-200,לא נמדד,איאוקן,300,ראש פינה,540
,31245,פועם,PO'EM,1946,244400,764780,515,נמדד באופן סדיר,קנומן - טורון,400,נטופה חיטין,591
,31250,מירון,MEIRON,1949,241280,764900,695,נמדד באופן סדיר,קנומן - טורון,400,נטופה חיטין,591
,31251,ליד עין מירון,NEAR MEIRON SPRING,1955,241550,764910,0,לא נמדד,קנומן - טורון,400,נטופה חיטין,591
,31255,בר יוחאי,BAR YOHAY,1950,241650,764890,655,מעיין סקר,קנומן - טורון,400,נטופה חיטין,591
,31260,תרון,TARON,1946,243820,764610,530,מעיין סקר,קנומן - טורון,400,נטופה חיטין,591
,31262,יקים,YAQIM,1935,243880,764580,520,נמדד באופן סדיר,קנומן - טורון,400,נטופה חיטין,591
,31280,שמאי,SHAMMAY,1949,242600,763000,645,מעיין סקר,קנומן תחתון,500,נטופה חיטין,591
,31301,רמיאל,RAMI'EL,1948,241130,761260,630,נמדד באופן סדיר,קנומן תחתון,500,נטופה חיטין,591
,31305,פרוד,PAROD,1947,240360,760420,480,נמדד באופן סדיר,קנומן תחתון,500,נטופה חיטין,591
,31330,רביד,RAVID,0,244680,752400,-100,מעיין סקר,איאוקן,300,נטופה חיטין,591
,31335,נון,NUN,1945,248180,749720,-192,נמדד באופן סדיר,איאוקן,300,ראש פינה,540
,31340,פוליה נביעה 1,FULIYA 1*,1959,249560,746130,-211,מעיין סקר,קנומן - טורון,400,חוף כנרת,592
,31344,פוליה ערוץ1 בין1-ל5*,FULIYA STREAM 1 BETW,1994,249560,746120,0,מעיין סקר,קנומן - טורון,400,חוף כנרת,592
,31348,פוליה ערוץ3 בין1ל-5*,FULIYA STREAM 3 BETW,1994,249670,746000,0,מעיין סקר,קנומן - טורון,400,חוף כנרת,592
,31350,פוליה נביעה 5,FULIYA 5,1959,249630,746040,-208,מעיין סקר,קנומן - טורון,400,חוף כנרת,592
,31352,פוליה ערוץ4 בין5ל-6*,FULIYA STREAM 4 BETW,1994,249630,745990,0,מעיין סקר,קנומן - טורון,400,חוף כנרת,592
,31354,פוליה ערוץ5 בין5ל-6*,FULIYA STREAM 5 BETW,1994,249630,745980,0,מעיין סקר,קנומן - טורון,400,חוף כנרת,592
,31355,ארבל,ARBEL,1944,246220,747900,-140,נמדד באופן סדיר,איאוקן,300,ראש פינה,540
,31360,פוליה 6,FULIYA 6,1951,249630,745970,-205,מעיין סקר,קנומן - טורון,400,חוף כנרת,592
,31361,עינות קוצר,,2018,248050,745400,0,לא נמדד,ניאוגן - בזלת,250,יבנאל,620
,31362,פוליה ערוץ6בין6ל11*,FULIYA STREAM 6 BETW,1994,249630,745940,0,מעיין סקר,קנומן - טורון,400,חוף כנרת,592
,31364,פוליה נביעה 11,FULIYA 11,1950,249690,745930,-208,מעיין סקר,קנומן - טורון,400,חוף כנרת,592
,31365,חמי טבריה,HAMEY TVERIYA,1948,251900,741380,195,נמדד באופן סדיר,קרטיקון תחתון,600,חוף כנרת,592
,31372,פוליה דרום נביעה 1*,FULIA SOUTH 1,2000,249710,745920,-213,מעיין סקר,קנומן - טורון,400,חוף כנרת,592
,31373,פוליה דרום Bבצינור*,FULIYA SOUTH B*,2000,249710,745920,-209,מעיין סקר,קנומן - טורון,400,חוף כנרת,592
,31376,פוליה דרום נביעה 2,FULIYA SOUTH 2,2000,249730,745880,-214,מעיין סקר,קנומן - טורון,400,חוף כנרת,592
,31378,פוליה ד' ע'2ביןAל3*,FULIYA SOUTH STREAM2,2000,249710,745870,-212,מעיין סקר,קנומן - טורון,400,חוף כנרת,592
,31380,פוליה ד' ע'3ביןAל3*,FULIYA SOUTH STREAM3,2000,249720,745840,-212,מעיין סקר,קנומן - טורון,400,חוף כנרת,592
,31382,פוליה ד' ע'4בין Aל3*,FULIYA SOUTH STREAM4,2000,249720,745830,-212,מעיין סקר,קנומן - טורון,400,חוף כנרת,592
,31384,פוליה ד' ע'5 ביןAל3*,FULIYA SOUTH STREAM5,2000,249720,745820,-212,מעיין סקר,קנומן - טורון,400,חוף כנרת,592
,31386,פוליה דרום נביעה 3,FULIYA SOUTH 4,2000,249730,745820,-212,מעיין סקר,קנומן - טורון,400,חוף כנרת,592
,31388,פוליה ד' ע'6 דר' ל3*,FULIYA SOUTH STREAM6,2000,249740,745760,-212,מעיין סקר,קנומן - טורון,400,חוף כנרת,592
,31405,סנבר,SANABIR,1968,263000,767800,310,נמדד באופן סדיר,ניאוגן - מילוי,200,רמת הגולן,570
,31408,דורה,DURA,0,262400,766300,210,מעיין סקר,ניאוגן - מילוי,200,רמת הגולן,570
,31418,דרדרה (משושים),DARDARA (MESHUSHIM),1969,261500,757800,-130,מעיין סקר,ניאוגן - מילוי,200,רמת הגולן,570
,31445,עקב,AQEV,1969,261500,752000,170,מעיין סקר,ניאוגן - מילוי,200,רמת הגולן,570
,31457,חותיה,HUTIYA,1967,265400,748200,30,מעיין סקר,ניאוגן - מילוי,200,רמת הגולן,570
,31460,גופרה,GOFRAH,1999,260500,745600,30,נמדד באופן סדיר,ניאוגן - בזלת,250,רמת הגולן,570
,31465,מוג'היה (מי גהה),MUJAHIYA,1967,265200,747000,100,נמדד באופן סדיר,ניאוגן - מילוי,200,רמת הגולן,570
,31602,ספסופה,SAFSUFA,0,241700,768470,736,מעיין סקר,קנומן - טורון,400,נטופה חיטין,591
,31604,ביריה,BIRIYA,0,246890,765160,823,מעיין סקר,קנומן - טורון,400,נטופה חיטין,591
,31608,חמרה,HAMRA,0,247290,762800,640,מעיין סקר,איאוקן,300,נטופה חיטין,591
,31610,כובס,KOVES,0,245330,761740,477,מעיין סקר,קנומן - טורון,400,נטופה חיטין,591
,31612,אסד,ASAD,0,237460,760740,570,מעיין סקר,קנומן תחתון,500,ראש המבוע,352
,31620,הדס,HADAS,0,246890,761060,429,מעיין סקר,איאוקן,300,נטופה חיטין,591
,31622,צלמון נביעה 1,ZALMON STREAM 1,0,235200,757900,365,מעיין סקר,קנומן תחתון,500,מגד כרמים,362
,31623,צלמון נביעה 2,ZALMON STREAM 2,0,235180,757890,365,מעיין סקר,קנומן תחתון,500,מגד כרמים,362
,31624,צלמון נביעה 3,ZALMON STREAM 3,0,235160,757870,365,מעיין סקר,קנומן תחתון,500,מגד כרמים,362
,31625,עינות חטרה,HATRA,0,246440,760180,367,מעיין סקר,איאוקן,300,נטופה חיטין,591
,31627,ינאי,YANNAY,0,246850,759350,185,מעיין סקר,איאוקן,300,נטופה חיטין,591
,31630,טביל,TABIL,0,235100,756300,171,מעיין סקר,קנומן תחתון,500,מגד כרמים,362
,31633,סלמה,SALAME,0,235700,756180,197,מעיין סקר,קנומן תחתון,500,מגד כרמים,362
,31635,מנסורה,MANSURA,0,239080,755250,251,מעיין סקר,קנומן תחתון,500,נטופה חיטין,591
,31638,עינות עייש,AYISH,0,256400,755480,-198,מעיין סקר,ניאוגן - מילוי,200,כורזים,560
,31642,שייך,SHEIKH,0,250050,751100,-207,מעיין סקר,איאוקן,300,חוף כנרת,592
,31645,ניתאי,NITTAY,1948,244080,747900,-46,מעיין סקר,איאוקן,300,ראש פינה,540
,31648,ניתאי ג,NITTAY C,0,244380,747240,-61,מעיין סקר,איאוקן,300,ראש פינה,540
,31650,גביעון,GEVI'ON,0,244130,747380,-54,מעיין סקר,איאוקן,300,ראש פינה,540
,31652,נבי שועיב,NABI SHO'IB,0,242600,745700,129,מעיין סקר,איאוקן,300,ראש פינה,540
,31660,נשוט,NASHUT,0,265100,768500,350,מעיין סקר,ניאוגן - מילוי,200,רמת הגולן,570
,31665,שמר,SHEMER,0,265800,767800,380,מעיין סקר,ניאוגן - מילוי,200,רמת הגולן,570
,32235,יבנאל (פג'ס),YAVNE'EL (FEJAS),1949,249810,732970,0,לא נמדד,ניאוגן - בזלת,250,יבנאל,620
,34250,סחינה,SAHINA,1968,263000,732800,-120,נמדד באופן סדיר,קנומן - טורון,400,חמת גדר,584
,34251,ריח,REAH,1967,262700,732000,-160,נמדד באופן סדיר,קנומן - טורון,400,חמת גדר,584
,34252,מקלה,MAQLA,1967,262600,732000,-160,נמדד באופן סדיר,קנומן תחתון,500,חמת גדר,584
,34253,בלזם,BALZAM,1967,262500,732200,-150,נמדד באופן סדיר,קנומן תחתון,500,חמת גדר,584
,35215,דור,DOR,1954,237100,727600,130,נמדד באופן סדיר,ניאוגן - מילוי,200,נחל תבור,621
,35220,תבור עליון,TAVOR UPPER,1954,238250,730150,75,לא נמדד,ניאוגן - מילוי,200,נחל תבור,621
,35260,טחבית,TEHAVIT,1956,242900,728900,7,מעיין סקר,ניאוגן - בזלת,250,נחל תבור,621
,35265,רכש,REKHESH,1966,244560,729400,25,מעיין סקר,ניאוגן - מילוי,200,נחל תבור,621
,35280,שחל,SHAHAL,1958,247180,725450,-125,נמדד באופן סדיר,ניאוגן - מילוי,200,נחל תבור,621
,35285,תבור תחתון,TAVOR LOWER,1945,247500,725010,-115,נמדד באופן סדיר,ניאוגן - מילוי,200,נחל תבור,621
,36215,יובלה,YUVELA,1957,244550,720520,18,מעיין סקר,ניאוגן - בזלת,250,עמק חרוד,622
,38210,יזרעאל,YIZRE'EL,1945,231940,718380,-2,לא נמדד,איאוקן,300,ג'נין,640
,38220,חרוד,HAROD,1934,233670,717250,0,נמדד באופן סדיר,איאוקן,300,ג'נין,640
,38237,יוסף,YOSEF,1960,238010,715230,0,לא נמדד,איאוקן,300,תענך חרוד,650
,38247,חיים,HAYYIM,1945,241480,712640,-80,נמדד באופן סדיר,קנומן - טורון,400,תענך חרוד,650
,38252,עמל,AMAL,1945,242150,712450,-100,נמדד באופן סדיר,קנומן - טורון,400,תענך חרוד,650
,38260,חומה,HOMA,1940,242380,712040,-106,נמדד באופן סדיר,קנומן - טורון,400,תענך חרוד,650
,38263,מגדל,MIGDAL,1937,242560,712200,-105,נמדד באופן סדיר,קנומן - טורון,400,תענך חרוד,650
,38266,שוקק,SHOQEQ,1937,242170,711460,-99,נמדד באופן סדיר,קנומן - טורון,400,תענך חרוד,650
,38270,חוגה,HUGA,1937,250670,713840,-250,נמדד באופן סדיר,ניאוגן - מילוי,200,נווה אור,624
,38275,חסידה,HASIDA,1975,251500,713500,-255,נמדד באופן סדיר,ניאוגן - מילוי,200,נווה אור,624
,38610,טבעון,TIV'ON,0,235040,718170,-30,מעיין סקר,ניאוגן - בזלת,250,עמק חרוד,622
,38620,עינות עפרוני,EFRONI,0,250300,713000,-250,מעיין סקר,ניאוגן - בזלת,250,נצרת,610
,39210,אשתורי,ESHTORI,0,248760,711200,0,לא נמדד,קנומן - טורון,400,נצרת,610
,39215,נמרוד,NIMROD,1937,252200,710120,-235,נמדד באופן סדיר,קנומן - טורון,400,רויה,651
,39218,צמד,ZEMED,1937,249240,709260,-225,נמדד באופן סדיר,קנומן - טורון,400,רויה,651
,39220,יהודה,YEHUDA,1937,247560,708640,-152,נמדד באופן סדיר,קנומן - טורון,400,רויה,651
,39222,נפתלי,NAFTALI,1937,247400,708300,-148,נמדד באופן סדיר,קנומן - טורון,400,רויה,651
,39223,צבי,ZEVI,1937,247690,708280,-166,לא נמדד,קנומן - טורון,400,רויה,651
,39224,דורנית,DURANIT,1948,248820,708530,0,לא נמדד,קנומן - טורון,400,רויה,651
,39225,צפצפה,ZAFZAFA,1943,249400,708200,-220,נמדד באופן סדיר,קנומן - טורון,400,רויה,651
,39226,טיון,TAIYUN,0,249130,708130,0,לא נמדד,קנומן - טורון,400,רויה,651
,39227,נשב צינור,NESHEV PIPELINE,2001,247340,707580,-172,לא נמדד,קנומן - טורון,400,רויה,651
,39229,נשב שוחה ימנית(מתוק),NESHEV (FRESH WATER),1937,247340,707580,-172,נמדד באופן סדיר,קנומן - טורון,400,רויה,651
,39230,כפתור,KAFTOR,1949,249100,707450,205,מעיין סקר,קנומן - טורון,400,רויה,651
,39231,פרח,PERAH,0,249680,707140,0,לא נמדד,קנומן - טורון,400,רויה,651
,39233,מרחב,MERHAV,1937,247600,707000,-177,לא נמדד,קנומן - טורון,400,רויה,651
,39234,סיכום עינות מרחב ורחוב,SUM MERHAV AND REHOV SPRINGS,2019,247600,707000,0,נמדד באופן סדיר,קנומן - טורון,400,רויה,651
,39235,רחוב,REHOV,1937,247690,706760,-177,לא נמדד,קנומן - טורון,400,רויה,651
,39237,שייח מוחמד (סהרון),SHEIKH MUHAMMAD,1945,251400,706300,-250,מעיין סקר,קנומן - טורון,400,רויה,651
,39250,נזם,NEZEM,1937,248540,704300,-191,נמדד באופן סדיר,קנומן - טורון,400,רויה,651
,39255,פדות,PEDUT,1937,249520,703980,-209,נמדד באופן סדיר,קנומן - טורון,400,רויה,651
,39260,קרניים,QARNAYIM,1937,249460,703550,-210,נמדד באופן סדיר,קנומן - טורון,400,רויה,651
,39265,עינות מחצצים,Mahzazim Springs,0,251024,701813,-235,לא נמדד,קנומן - טורון,400,רויה,651
,39280,אברהם,AVRAHAM,1937,249700,700710,-225,לא נמדד,קנומן - טורון,400,רויה,651
,39290,מודע,MODA,1945,242800,709800,-110,נמדד באופן סדיר,קנומן - טורון,400,תענך חרוד,650
,39295,רוויה,REWAYA,1950,243507,708027,-88,מעיין סקר,קנומן - טורון,400,תענך חרוד,650
,39351,ברדלה,BARDALA,1964,245180,699260,0,לא נמדד,קנומן - טורון,400,רויה,651
,39352,אל ערק,EL ARAK,0,249500,695500,0,לא נמדד,קנומן - טורון,400,רויה,651
,39353,אבו עפיף,ABU AFIF,1970,248982,699913,0,לא נמדד,קנומן - טורון,400,רויה,651
,39354,בליבלה,BLEIBLE,1937,249845,699687,-219,לא נמדד,קנומן - טורון,400,רויה,651
,39358,שמס העליונה,SHAMS UPPER,1946,247600,698400,-151,לא נמדד,קנומן - טורון,400,רויה,651
,39359,מהדריה תחתונה,MAHADRIA LOWER,0,248230,698930,-173,לא נמדד,קנומן - טורון,400,רויה,651
,39362,שמס התחתונה,SHAMS LOWER,1960,248420,698420,-176,לא נמדד,קנומן - טורון,400,רויה,651
,39363,קורען,KURA'AN,1996,249342,698887,-201,לא נמדד,קנומן - טורון,400,רויה,651
,39365,א-דיר,A-DIR,1946,249188,699332,-200,לא נמדד,קנומן - טורון,400,רויה,651
,39372,חמה תחתי,HAMMEH TAHTA,1996,247300,697555,-129,נמדד באופן סדיר,קנומן - טורון,400,רויה,651
,39610,מלקוח,MALKOAH,0,246480,701300,-141,מעיין סקר,קנומן - טורון,400,רויה,651
,39620,רועה,RO'E,0,248550,705050,-190,מעיין סקר,קנומן - טורון,400,רויה,651
,39640,אבו לביד,ABU LABED,0,252500,711530,-250,מעיין סקר,קנומן - טורון,400,נצרת,610
,39730,מהדריה עליונה,MAHADRIA UPPER,0,248200,698700,-172,לא נמדד,קנומן - טורון,400,רויה,651
,41250,חמם מליח,HAMAM MALIAH,1975,245000,692700,-12,נמדד באופן סדיר,יורא,700,מליח,656
,43225,פריעה,FARIA,1944,232400,688400,160,לא נמדד,איאוקן,300,פריעה עליון,642
,43240,דוליב,DULEIB,1945,232000,687950,155,לא נמדד,איאוקן,300,פריעה עליון,642
,43255,חמד ובידה,HAMAD AND BEIDA,1963,230120,685320,215,נמדד באופן סדיר,איאוקן,300,פריעה עליון,642
,43256,קודירה,QUDEIRA,1965,230130,685280,215,נמדד באופן סדיר,איאוקן,300,פריעה עליון,642
,43258,ג'יסר,JISR,1963,230370,685100,170,לא נמדד,איאוקן,300,פריעה עליון,642
,43260,תאבן,TABAN,1963,230420,684820,160,נמדד באופן סדיר,איאוקן,300,פריעה עליון,642
,43270,דיפנה,DIFNA,1959,226200,679700,560,לא נמדד,איאוקן,300,פריעה עליון,642
,43275,בלטה,BALATA,1961,226840,679770,510,לא נמדד,איאוקן,300,פריעה עליון,642
,43290,סוביאן,SUBYAN,1964,230500,684550,130,לא נמדד,איאוקן,300,פריעה עליון,642
,43320,מיסכה,MISKA,1944,237030,683050,-38,לא נמדד,ניאוגן - מילוי,200,פריעה תיכון,653
,43340,שיבלי,SHIBLEY,1945,239900,681900,-80,נמדד באופן סדיר,ניאוגן - מילוי,200,פריעה תיכון,653
,45250,פצאל,FAZAEL,1944,238300,662000,-110,נמדד באופן סדיר,קנומן - טורון,400,נערן,664
,45350,עוג'ה,AUJA,1944,236750,651420,20,נמדד באופן סדיר,קנומן - טורון,400,נערן,664
,45450,שושה,SHOSHAH,1945,240000,644800,-110,נמדד באופן סדיר,קנומן - טורון,400,מצפה יריחו,662
,45451,נועימה,NUEIMA,1944,240040,644720,-110,נמדד באופן סדיר,קנומן - טורון,400,מצפה יריחו,662
,45453,דויוק,DUYUK,1944,240050,644660,-115,נמדד באופן סדיר,קנומן - טורון,400,מצפה יריחו,662
,46150,מכמש (סויינט),,2007,228500,639600,310,נמדד באופן סדיר,קנומן - טורון,400,מצפה יריחו,662
,46250,פארה (פרת),PARA,1961,228720,637860,290,נמדד באופן סדיר,קנומן - טורון,400,מצפה יריחו,662
,46254,גומיזה,GUMEIZA,1969,229070,637770,285,נמדד באופן סדיר,קנומן - טורון,400,מצפה יריחו,662
,46256,רועים,RO'IM,1961,229280,637760,250,נמדד באופן סדיר,קנומן - טורון,400,מצפה יריחו,662
,46258,פארה+גומיזה+רועים,Para+Gumeiza+Ro'im,2006,229780,637760,0,לא נמדד,קנומן - טורון,400,מצפה יריחו,662
,46360,פאואר,FAWWAR,1946,233180,638600,-75,לא נמדד,קנומן - טורון,400,מצפה יריחו,662
,46371,קלט ופאואר,QELT AND FAWWAR,1932,235600,638200,10,נמדד באופן סדיר,קנומן - טורון,400,מצפה יריחו,662
,46380,אלישע,ELISHA,1932,242200,641950,-215,לא נמדד,קנומן תחתון,500,מצפה יריחו,662
,48240,ג'אזל,JAZEL,1945,243210,625930,-385,לא נמדד,קנומן - טורון,400,חברון מזרח,665
,48242,תנור (ים המלח),TANUR,1945,242940,625470,-380,לא נמדד,קנומן - טורון,400,חברון מזרח,665
,48245,עינות צוקים סיכום,Zuqim Springs SUM,0,242840,624820,0,נמדד באופן סדיר,קנומן - טורון,400,חברון מזרח,665
,48247,צוקים 2+1,ZUKIM 1+2,1945,242770,624700,-390,לא נמדד,קנומן תחתון,500,חוף ים המלח,660
,48249,צוקים 3+4,ZUKIM 3+4,0,242920,624430,-390,לא נמדד,קנומן תחתון,500,חוף ים המלח,660
,48250,צוקים 4,ZUKIM 4,0,242760,624420,-390,לא נמדד,קנומן תחתון,500,חוף ים המלח,660
,48262,צוקים 8,ZUKIM 8,0,242700,623720,-395,לא נמדד,קנומן תחתון,500,חוף ים המלח,660
,48264,צוקים 9,ZUKIM 9,0,242680,623670,-395,לא נמדד,קנומן תחתון,500,חוף ים המלח,660
,48280,גיחון,GIKHON,1963,222500,631160,650,נמדד באופן סדיר,קנומן - טורון,400,חברון מזרח,665
,48290,אל כרמל,En Carmel,2012,212847,592429,795,לא נמדד,קנומן - טורון,400,חברון מזרח,665
,48300,עינות קנה סיכום,Qane Springs SUM,1968,239000,614400,0,נמדד באופן סדיר,קנומן - טורון,400,חברון מזרח,665
,48305,עינות סמר סיכום,Samar Springs SUM,1968,238859,601914,0,נמדד באופן סדיר,קנומן - טורון,400,חברון מזרח,665
,48312,סלה,SALEH,1996,215900,621000,851,לא נמדד,קנומן - טורון,400,חברון מזרח,665
,48325,עיטם,EITAM,1962,216480,621550,775,לא נמדד,קנומן - טורון,400,חברון מזרח,665
,48330,אירטס,IRTAS,1962,217600,621700,725,לא נמדד,קנומן - טורון,400,חברון מזרח,665
,48350,עינות קדם,QEDEM Springs,2005,237950,601921,0,לא נמדד,קנומן תחתון,500,הרודיון,666
,48355,עינות קדם סיכום,Qedem Spr SUM,2005,237950,601921,0,נמדד באופן סדיר,קנומן תחתון,500,הרודיון,666
,48382,שולמית,SHULAMMIT,1977,237050,597700,-200,נמדד באופן סדיר,קנומן - טורון,400,חברון מזרח,665
,48385,גדי,GEDI,1951,236878,597203,-205,נמדד באופן סדיר,קנומן - טורון,400,חברון מזרח,665
,48400,דירווה,DIRWAH,1959,209750,610450,935,לא נמדד,קנומן - טורון,400,חברון מזרח,665
,48402,שעיר,SE'IR,1963,213900,610180,860,לא נמדד,קנומן - טורון,400,חברון מזרח,665
,48403,א-דילבה,A-Dilba,2015,213879,613078,815,נמדד באופן סדיר,קנומן - טורון,400,חברון מזרח,665
,48405,בץ,BUZ,1959,213050,613650,860,נמדד באופן סדיר,קנומן - טורון,400,חברון מזרח,665
,48420,ערוגות,ARUGOT,1951,235091,596070,-350,נמדד באופן סדיר,קנומן - טורון,400,חברון מזרח,665
,48510,משמר (ואדי משמר),Mishmar-Wadi Mishmar,2020,231310,588380,10,לא נמדד,קנומן - טורון,400,חברון מזרח,665
,48520,צאלים,Ze'elim,2020,232624,584843,-222,מעיין סקר,קנומן - טורון,400,חברון מזרח,665
,48605,בריכת שלו,Brichat Shalev,2012,233846,570095,-350,מעיין סקר,קנומן - טורון,400,ערד-בוקק,667
,48610,בוקק,BOQEQ,1995,233405,567449,-366,נמדד באופן סדיר,קנומן - טורון,400,הר נגב-צפון,730
,48615,אשד,Eshed,2020,228780,560940,-100,לא נמדד,קנומן בלתי מחולק,450,הר נגב-צפון,730
,48617,חימר,Heimar,2020,227270,560430,-62,לא נמדד,קנומן בלתי מחולק,450,הר נגב-צפון,730
,48648,סלוודורה,Salvadora,0,236700,603073,-150,לא נמדד,קנומן - טורון,400,חברון מזרח,665
,55177,צין ועקרבים,ZIN AND AQRABBIM,1982,216005,533423,-25,נמדד באופן סדיר,סנון,350,נ. צין,754
,55605,עבדת,AVEDAT,0,177250,526186,438,נמדד באופן סדיר,קרטיקון תחתון,600,רמון-יורקעם,711
,55610,מור,MOR,0,177956,526960,371,מעיין סקר,קרטיקון תחתון,600,רמון-יורקעם,711
,55620,זיק,ZIQ,0,185600,522950,360,מעיין סקר,קרטיקון תחתון,600,רמון-יורקעם,711
,55625,עקב עליון,,2010,181955,522615,490,מעיין סקר,איאוקן,300,נ. פארן,753
,55630,עקב תחתון,AQEV LOWER,0,182100,524900,405,נמדד באופן סדיר,איאוקן,300,רמון-יורקעם,711
,56605,חופירה,HUFIRA,1947,224040,508850,-107,נמדד באופן סדיר,פליו-פליסטוקן מילוי,100,חצבה,752
,56610,סהרונים(מכתש רמון),,2010,193660,501450,395,מעיין סקר,ניאוגן - מילוי,200,רמון-יורקעם,711
,57250,עוברה,Evra,2022,188177,473535,330,לא נמדד,פליו-פליסטוקן מילוי,100,נ. פארן,753
,59605,רחל,RAHEL,0,216400,504600,38,לא נמדד,קרטיקון תחתון,600,יהב -עופרים,712
,59630,משק,MASHAQ,0,217750,522750,-60,מעיין סקר,קרטיקון תחתון,600,יהב -עופרים,712
,59640,תמיד,TAMID,0,218900,524700,-54,מעיין סקר,קרטיקון תחתון,600,יהב -עופרים,712
,59650,אמציהו,AMAZIYAHU,0,226000,532700,-197,מעיין סקר,ניאוגן - מילוי,200,חצבה,752
,59654,עינות סדום,SEDOM STREEMS,0,234678,539913,-350,לא נמדד,ניאוגן - מילוי,200,נאות הכיכר,751
,59656,פלוטית,RLOTIT,2016,234680,540590,-360,לא נמדד,ניאוגן - מילוי,200,נאות הכיכר,751
,59660,הככר,HAKIKAR,0,234300,541500,-353,מעיין סקר,פליו-פליסטוקן מילוי,100,נאות הכיכר,751
,59670,ערוס (תמר),ARUS (TAMAR),0,234300,544000,-372,מעיין סקר,פליו-פליסטוקן מילוי,100,נאות הכיכר,751
,60220,צאלה(ארגמן),TSE'ELA,0,200327,419181,0,מעיין סקר,קרטיקון תחתון,600,שזפון-יעלון,720
,60228,שחרות דרומי,SHAHAROT SOUTH,0,200515,424148,0,מעיין סקר,קרטיקון תחתון,600,שזפון-יעלון,720
,60229,שחרות צפוני,SHAHAROT NORTH,0,200575,424240,0,מעיין סקר,קרטיקון תחתון,600,שזפון-יעלון,720
,60235,קטורה,Keturah,0,205939,438600,0,מעיין סקר,קרטיקון תחתון,600,שזפון-יעלון,720
